iter	RMSE	MAE	R2	MAPE
0	89.7243688	36.23370296	0.01027217283	2.762173834
1	89.34504661	35.78812192	0.01862290625	2.671956364
2	89.02797928	35.43912137	0.02557596068	2.593347704
3	88.76010665	35.11931845	0.03143094787	2.516956668
4	88.54033034	34.86440763	0.03622150079	2.450126594
5	88.3398939	34.65682395	0.04058014004	2.392631118
6	88.16371523	34.47261138	0.04440311873	2.336022633
7	88.01896479	34.31007721	0.04753841108	2.289023689
8	87.89154118	34.16409676	0.05029414112	2.23919446
9	87.78518958	34.05020993	0.05259109992	2.198787911
10	87.69705985	33.94575617	0.05449239969	2.158438659
11	87.62006906	33.86213213	0.05615182644	2.126789457
12	87.55319937	33.7910998	0.05759192464	2.100692013
13	87.48618356	33.72000973	0.05903406642	2.074323972
14	87.43453851	33.6536856	0.06014468506	2.049190447
15	87.39580789	33.61139755	0.06097715051	2.029098509
16	87.34044295	33.5682488	0.06216650913	2.009030563
17	87.29189566	33.53087365	0.06320878963	1.993287647
18	87.24712703	33.48676839	0.06416943101	1.977333391
19	87.21799542	33.44947439	0.06479426993	1.962494943
20	87.18181601	33.41297104	0.06556998541	1.947351342
21	87.14294374	33.37992402	0.06640307922	1.930990218
22	87.1099093	33.34977095	0.06711076729	1.918454175
23	87.08101225	33.33550023	0.06772960101	1.910507699
24	87.04241421	33.3165991	0.06855586221	1.905581709
25	87.01632289	33.29583737	0.06911418695	1.897350903
26	86.99173874	33.28275704	0.06964010682	1.891735856
27	86.96980773	33.27013412	0.07010914345	1.885081612
28	86.94574596	33.25715736	0.07062361457	1.879510433
29	86.92313353	33.22805974	0.07110696719	1.867684527
30	86.89807074	33.20432312	0.07164255057	1.862172267
31	86.87925926	33.18327662	0.07204444417	1.853176258
32	86.85912843	33.16199136	0.07247442813	1.847923347
33	86.83490835	33.15662067	0.07299162457	1.845950031
34	86.8201981	33.14254763	0.07330567721	1.843340324
35	86.7956709	33.12892865	0.07382919614	1.840315342
36	86.78342266	33.11899558	0.07409057249	1.835593839
37	86.76945266	33.10689591	0.07438864584	1.832846387
38	86.74776293	33.0897789	0.07485133745	1.825260402
39	86.72976528	33.08153807	0.07523518067	1.823704191
40	86.71473924	33.06567274	0.07555558636	1.818262814
41	86.6889403	33.05951741	0.07610557671	1.815873406
42	86.67066593	33.05409104	0.07649505678	1.811980125
43	86.66524314	33.04902933	0.07661061659	1.810554584
44	86.65221766	33.03674519	0.07688815999	1.808352328
45	86.6360384	33.02826135	0.07723284517	1.806650603
46	86.62264257	33.01917093	0.07751818328	1.803632233
47	86.60661236	33.00695478	0.07785957679	1.799707538
48	86.5910551	32.98953896	0.07819083771	1.794412912
49	86.5802308	32.97612957	0.07842128455	1.788379396
50	86.57100489	32.96808413	0.07861767925	1.785518213
51	86.55904399	32.96169287	0.07887226336	1.782000678
52	86.54423957	32.94997029	0.07918732208	1.78013287
53	86.52674094	32.94181481	0.07955964802	1.778473683
54	86.50777303	32.9256571	0.07996315131	1.773719398
55	86.47632694	32.92201195	0.08063190757	1.772806213
56	86.45534591	32.91728537	0.08107797075	1.77142163
57	86.44151216	32.90485519	0.08137202114	1.767271416
58	86.42259098	32.89437019	0.08177413419	1.76617752
59	86.40612918	32.88313701	0.08212390865	1.763647455
60	86.39604034	32.87457758	0.08233823981	1.761429273
61	86.38324589	32.86833094	0.08261001416	1.760811503
62	86.36437013	32.86302053	0.08301089136	1.759664048
63	86.35035611	32.85120666	0.08330846003	1.757595182
64	86.32680998	32.84817401	0.08380832107	1.756174078
65	86.30719992	32.84353613	0.08422451929	1.754919259
66	86.30071719	32.83860876	0.0843620862	1.753683523
67	86.29353525	32.83646709	0.08451447837	1.751345775
68	86.27824791	32.83232685	0.08483881549	1.75130108
69	86.26451791	32.82953568	0.08513006304	1.751044455
70	86.25148118	32.82589299	0.08540656177	1.750181051
71	86.2368927	32.80960006	0.0857159223	1.746658831
72	86.22794323	32.80411172	0.08590567701	1.745825347
73	86.20791029	32.80070816	0.08633036243	1.745485878
74	86.19452908	32.79526702	0.08661398031	1.74439588
75	86.18717917	32.7921706	0.08676974478	1.74383097
76	86.16749575	32.78992252	0.08718682406	1.743794969
77	86.15719758	32.78746641	0.08740499778	1.742804081
78	86.14696048	32.78150553	0.08762185188	1.74226854
79	86.13530344	32.76915535	0.08786875344	1.73940814
80	86.10505403	32.76559064	0.08850929413	1.738731949
81	86.09521871	32.75848303	0.08871751166	1.737660509
82	86.07746724	32.75577235	0.08909325695	1.736261642
83	86.06159175	32.75246326	0.08942922771	1.735526117
84	86.0567234	32.74895698	0.08953224352	1.734819367
85	86.04342164	32.74692379	0.08981368316	1.733934491
86	86.03478716	32.74102	0.08999634897	1.732882134
87	86.02819543	32.73758807	0.09013578714	1.731671207
88	86.02488865	32.73576886	0.09020573318	1.731106169
89	86.01287983	32.72508232	0.09045972454	1.728345447
90	86.00123469	32.71781392	0.09070599027	1.727322775
91	85.97596252	32.71364356	0.09124031861	1.726555852
92	85.97001985	32.7099179	0.09136594158	1.726185223
93	85.95902958	32.70570157	0.09159824341	1.725359664
94	85.95174305	32.7019989	0.09175224272	1.724571057
95	85.94466674	32.6991908	0.09190178653	1.725186636
96	85.93346419	32.69569779	0.0921385052	1.724525852
97	85.92073665	32.69389603	0.09240741052	1.723334831
98	85.91635423	32.6918775	0.09249999239	1.722357792
99	85.90832275	32.6836227	0.09266965112	1.720837659
100	85.89411019	32.68057409	0.09296984132	1.720075882
101	85.8837349	32.6766998	0.09318895143	1.719841869
102	85.8796611	32.67383196	0.09327497668	1.718769451
103	85.8723841	32.66976808	0.09342863252	1.718462882
104	85.86436643	32.66784773	0.0935979128	1.717725616
105	85.85843218	32.66551429	0.09372319488	1.716630858
106	85.85184676	32.66089301	0.09386221389	1.715917304
107	85.84306722	32.65929713	0.09404753486	1.715533845
108	85.83822216	32.65493588	0.09414979751	1.714428955
109	85.83202236	32.6526041	0.09428064559	1.713847026
110	85.82522658	32.64900343	0.0944240612	1.713060862
111	85.8198986	32.6431167	0.0945364929	1.711663283
112	85.8122958	32.63879736	0.09469691628	1.71130577
113	85.80432672	32.63620941	0.0948650529	1.710769373
114	85.78901079	32.63344305	0.09518815429	1.711148702
115	85.78137262	32.62913786	0.09534926583	1.710902756
116	85.77408459	32.62629387	0.09550297837	1.710529395
117	85.76321237	32.62407665	0.09573226144	1.710410068
118	85.76035068	32.62320327	0.09579260643	1.709106691
119	85.75383467	32.62075327	0.09593000328	1.708593483
120	85.74121919	32.6194137	0.096195984	1.708823323
121	85.73167924	32.61585303	0.09639709541	1.708755085
122	85.72771981	32.61431974	0.09648055732	1.708875457
123	85.71695254	32.61059528	0.09670750443	1.70883762
124	85.71067446	32.60549197	0.09683981748	1.707843692
125	85.70212999	32.60211942	0.09701987997	1.706865963
126	85.6826761	32.60005432	0.09742977609	1.706679514
127	85.667119	32.59823838	0.09775749918	1.706220085
128	85.6574469	32.59607634	0.09796122007	1.7059726
129	85.64893476	32.59412606	0.09814048997	1.705274645
130	85.64171979	32.5904154	0.09829242683	1.704857659
131	85.63573375	32.58783251	0.09841847438	1.704799866
132	85.62706878	32.58601949	0.0986009165	1.704649355
133	85.62154732	32.5841464	0.098717162	1.704292503
134	85.6099609	32.58106326	0.09896107111	1.703934018
135	85.60083242	32.57968695	0.09915321402	1.703539706
136	85.58953351	32.57817227	0.09939101347	1.704025048
137	85.57632978	32.57630388	0.0996688625	1.703882252
138	85.56700109	32.57157083	0.09986514228	1.703725421
139	85.5580297	32.56743356	0.1000538842	1.702969064
140	85.55460243	32.56390861	0.1001259825	1.702360411
141	85.54423107	32.56226855	0.1003441437	1.701858206
142	85.53925643	32.56109336	0.1004487758	1.701556461
143	85.5324081	32.55837679	0.1005928074	1.700994758
144	85.52392827	32.55636856	0.100771136	1.700123997
145	85.51846454	32.55465207	0.1008860275	1.699880713
146	85.5136259	32.5514281	0.1009877685	1.699961828
147	85.50590106	32.54872176	0.1011501851	1.699364818
148	85.49490854	32.54687614	0.10138128	1.699875501
149	85.4892116	32.54319439	0.1015010347	1.699502912
150	85.48734552	32.54157312	0.1015402595	1.698595204
151	85.48043931	32.53877584	0.1016854202	1.69878408
152	85.47575975	32.53719022	0.1017837725	1.698122682
153	85.47256245	32.53615903	0.1018509686	1.698246335
154	85.46620516	32.53299759	0.1019845689	1.69721349
155	85.45805484	32.53117612	0.1021558358	1.697006759
156	85.4518755	32.52773105	0.1022856745	1.696340831
157	85.44054612	32.52635824	0.1025237003	1.696164333
158	85.43503288	32.52527076	0.1026395196	1.695831476
159	85.4313768	32.5240044	0.1027163208	1.695725709
160	85.42777092	32.52237921	0.1027920641	1.695363983
161	85.42060539	32.52094793	0.1029425703	1.695596435
162	85.41276457	32.51486454	0.1031072458	1.694068973
163	85.40604875	32.51216576	0.1032482817	1.693732721
164	85.39160685	32.50965736	0.1035515319	1.693783162
165	85.38199877	32.50792731	0.1037532536	1.693356954
166	85.37328684	32.5064279	0.1039361408	1.693140376
167	85.3610725	32.50314193	0.1041925218	1.692473193
168	85.35394527	32.50123076	0.1043421066	1.692900096
169	85.34920835	32.49753605	0.1044415173	1.692064141
170	85.34255063	32.4962368	0.104581229	1.691981268
171	85.33872531	32.49509317	0.1046614982	1.691575138
172	85.33119731	32.49379487	0.1048194526	1.691419653
173	85.30843375	32.49136488	0.1052969983	1.691267195
174	85.29711591	32.48927503	0.1055343825	1.69075702
175	85.2883595	32.48819576	0.1057180207	1.690459268
176	85.28245031	32.486665	0.1058419368	1.690197931
177	85.27407181	32.48170358	0.1060176197	1.68957595
178	85.26029894	32.48033952	0.1063063759	1.690017195
179	85.25572608	32.47742128	0.1064022383	1.689493449
180	85.2495097	32.475788	0.106532546	1.689358902
181	85.24375471	32.47344199	0.1066531736	1.688651894
182	85.24026755	32.47189392	0.1067262623	1.688277278
183	85.23642073	32.47075707	0.1068068859	1.687995946
184	85.23035702	32.46952471	0.1069339647	1.687626877
185	85.21881136	32.46715418	0.1071759051	1.687621576
186	85.21392269	32.46219457	0.1072783379	1.687734245
187	85.21098311	32.46040054	0.1073399283	1.687559581
188	85.20704872	32.45703652	0.1074223588	1.686845173
189	85.19326494	32.45502637	0.1077111166	1.686789153
190	85.17991438	32.45382188	0.1079907542	1.686993516
191	85.17230556	32.45202736	0.1081501072	1.68656072
192	85.16459737	32.44884966	0.1083115268	1.686270118
193	85.15011266	32.44630228	0.1086148159	1.685918241
194	85.13989328	32.44371465	0.1088287642	1.685263902
195	85.13594079	32.44105989	0.1089115049	1.684646318
196	85.12972738	32.43921264	0.1090415673	1.684559852
197	85.12544986	32.43731021	0.1091311012	1.68461781
198	85.11393318	32.43301804	0.1093721374	1.683805546
199	85.10531763	32.43047602	0.1095524335	1.683319895
200	85.10240587	32.42870257	0.1096133634	1.682933254
201	85.09551503	32.42550148	0.1097575488	1.682438775
202	85.09116206	32.42430489	0.1098486252	1.682858754
203	85.08152948	32.42204365	0.1100501495	1.682718124
204	85.07791951	32.42053303	0.1101256682	1.682730381
205	85.06789454	32.41745604	0.1103353688	1.682366075
206	85.06393969	32.41327005	0.1104180888	1.681295683
207	85.05623603	32.40967724	0.1105792082	1.681054207
208	85.04947929	32.40618658	0.1107205111	1.680550001
209	85.04647337	32.40542418	0.11078337	1.680358771
210	85.04006254	32.40353029	0.1109174237	1.679895617
211	85.0333775	32.40183922	0.1110572006	1.68015425
212	85.02766339	32.39932612	0.1111766678	1.679691583
213	85.02074034	32.39757649	0.1113214	1.679443213
214	85.01009807	32.39592269	0.1115438624	1.679551998
215	85.0019095	32.38910834	0.1117150147	1.678825655
216	84.99232262	32.38759856	0.1119153726	1.678728223
217	84.98887737	32.38539576	0.1119873699	1.678399125
218	84.98627967	32.38163534	0.1120416537	1.678548351
219	84.98094033	32.38050635	0.1121532237	1.67860346
220	84.97021018	32.37836658	0.1123774181	1.678096568
221	84.94072811	32.37629986	0.1129932673	1.677533902
222	84.93776502	32.37430029	0.1130551512	1.677108122
223	84.93158843	32.37251458	0.113184142	1.676957736
224	84.92284451	32.37100271	0.1133667324	1.676704836
225	84.91637287	32.36897701	0.1135018611	1.676466497
226	84.91026205	32.36709947	0.1136294463	1.676313219
227	84.90612461	32.36616233	0.1137158248	1.676314412
228	84.9020146	32.36418475	0.1138016266	1.676149757
229	84.89815958	32.3627005	0.1138821013	1.676118324
230	84.89453819	32.36133151	0.1139576958	1.676032672
231	84.88863534	32.3591529	0.1140809073	1.675922682
232	84.88340702	32.35861009	0.1141900321	1.675579419
233	84.86423122	32.35666462	0.1145902091	1.675361693
234	84.86069384	32.35468211	0.1146640204	1.675155778
235	84.8505971	32.3528794	0.1148746825	1.674949331
236	84.84597227	32.35213631	0.1149711684	1.67485044
237	84.83256549	32.35084206	0.1152508388	1.674634454
238	84.82905575	32.34957109	0.115324046	1.674637277
239	84.82634283	32.34829676	0.1153806308	1.6740771
240	84.82291221	32.34716418	0.1154521823	1.674403215
241	84.81503145	32.34593148	0.1156165385	1.674328222
242	84.81079242	32.34387279	0.1157049388	1.673971575
243	84.80594056	32.34166064	0.1158061134	1.673522364
244	84.797017	32.34027723	0.1159921792	1.673482775
245	84.79340037	32.3386733	0.1160675843	1.673022047
246	84.78480562	32.33674817	0.1162467678	1.67272392
247	84.78024391	32.33481697	0.1163418632	1.672168584
248	84.7715932	32.33222198	0.1165221854	1.671863227
249	84.75993092	32.33028614	0.116765254	1.671449934
250	84.75378625	32.32925527	0.1168933094	1.671036497
251	84.74234121	32.32736726	0.1171318006	1.671113886
252	84.73789826	32.32629513	0.1172243739	1.671015015
253	84.73377321	32.32454719	0.1173103189	1.670521724
254	84.73050422	32.32110987	0.1173784252	1.670264234
255	84.72642441	32.31938331	0.1174634203	1.669956228
256	84.72435957	32.31781171	0.1175064358	1.66986328
257	84.72050343	32.31528764	0.1175867654	1.669928923
258	84.71557192	32.31428055	0.1176894916	1.669577247
259	84.709993	32.31284555	0.1178056965	1.669504355
260	84.70299063	32.31128445	0.1179515398	1.669179097
261	84.69748472	32.30798357	0.1180662068	1.668531763
262	84.69509644	32.30737229	0.1181159433	1.668440074
263	84.69186703	32.30578314	0.1181831941	1.668295337
264	84.68918915	32.30490435	0.1182389578	1.667921179
265	84.6859872	32.30296588	0.1183056321	1.667639987
266	84.68306898	32.30146931	0.1183663964	1.667910861
267	84.67983467	32.30015814	0.1184337397	1.667844088
268	84.67145355	32.29893612	0.1186082357	1.667710001
269	84.65907542	32.29560563	0.1188659183	1.667631818
270	84.65331662	32.29323401	0.1189857898	1.667330291
271	84.64935283	32.2926792	0.1190682928	1.667303424
272	84.63417058	32.29117848	0.1193842628	1.667038666
273	84.63286382	32.29048176	0.1194114561	1.66682766
274	84.62888311	32.28963063	0.1194942913	1.666816888
275	84.61895698	32.28669428	0.1197008283	1.66673369
276	84.61440595	32.28440439	0.1197955154	1.666465694
277	84.61116301	32.28399851	0.1198629836	1.666430322
278	84.60876286	32.28273927	0.1199129162	1.666388759
279	84.59366749	32.28181717	0.1202269275	1.666250611
280	84.58923756	32.27962847	0.1203190677	1.665972065
281	84.58608378	32.27932002	0.1203846616	1.665833218
282	84.58479135	32.27865786	0.1204115415	1.665357292
283	84.57165434	32.27730176	0.1206847409	1.664993787
284	84.56145864	32.27477591	0.1208967434	1.664724862
285	84.55610552	32.27254828	0.1210080421	1.6648833
286	84.55459443	32.27179768	0.1210394586	1.664807953
287	84.55152263	32.27131719	0.1211033212	1.664718035
288	84.5487185	32.27005387	0.1211616171	1.664590573
289	84.53130573	32.26858918	0.1215235725	1.664396753
290	84.52676737	32.26729856	0.1216178982	1.664072908
291	84.52270783	32.26614044	0.1217022678	1.663769259
292	84.5199167	32.26544874	0.1217602736	1.6637022
293	84.51580959	32.26381933	0.1218456247	1.663407157
294	84.51002807	32.26192772	0.1219657654	1.663028429
295	84.50457028	32.26108151	0.1220791714	1.663213406
296	84.49948819	32.2587019	0.1221847642	1.662896226
297	84.49528346	32.25732055	0.122272123	1.663098434
298	84.49201567	32.25589121	0.1223400126	1.662859973
299	84.49071414	32.25551835	0.1223670517	1.662789294
300	84.47942318	32.25366073	0.1226016018	1.662699021
301	84.47318075	32.24776497	0.122731264	1.661570012
302	84.47066353	32.24648455	0.1227835468	1.661359372
303	84.46596151	32.24518291	0.1228812038	1.661269468
304	84.46294515	32.24422311	0.1229438482	1.661156232
305	84.45114959	32.24306594	0.1231887993	1.661153616
306	84.44006987	32.2405395	0.1234188538	1.661104889
307	84.43411764	32.23854185	0.1235424308	1.660868977
308	84.4238984	32.2366923	0.123754577	1.660688496
309	84.42103245	32.23587746	0.1238140681	1.660479484
310	84.41844564	32.23418308	0.123867763	1.660304706
311	84.4115071	32.23161449	0.1240117797	1.660165024
312	84.40799108	32.23046156	0.1240847537	1.660076538
313	84.40295247	32.22787954	0.1241893236	1.660195253
314	84.39734698	32.22556228	0.1243056509	1.6598857
315	84.38265964	32.22345886	0.1246104118	1.659683772
316	84.37953496	32.22298793	0.1246752418	1.659509243
317	84.37142533	32.22170508	0.1248434868	1.65916141
318	84.36682301	32.22015735	0.1249389608	1.659034721
319	84.3637796	32.2179965	0.1250020926	1.658866816
320	84.35384127	32.21535203	0.1252082358	1.658630581
321	84.35018319	32.21409642	0.1252841065	1.658697404
322	84.34744531	32.2130201	0.1253408895	1.658443488
323	84.33968387	32.21189766	0.12550185	1.65841243
324	84.32882871	32.20991596	0.1257269447	1.658076322
325	84.3248103	32.20880928	0.1258102637	1.657789569
326	84.3214539	32.20766431	0.1258798535	1.657362952
327	84.31944394	32.20674534	0.1259215256	1.657259355
328	84.31427051	32.20548719	0.1260287806	1.65728355
329	84.31083276	32.20423872	0.1261000481	1.657224032
330	84.30853098	32.20258102	0.1261477643	1.656954942
331	84.29965747	32.20070745	0.1263317013	1.656900614
332	84.29668062	32.19999539	0.1263934035	1.656730734
333	84.27676591	32.19898997	0.1268061259	1.656491626
334	84.27443209	32.19704464	0.1268544868	1.65627996
335	84.26821121	32.19557727	0.126983388	1.65624227
336	84.26478209	32.19442366	0.1270544377	1.656133465
337	84.26026424	32.19285864	0.1271480411	1.656077569
338	84.25865324	32.19210894	0.1271814174	1.655753375
339	84.25290889	32.19077664	0.1273004224	1.65558085
340	84.24977246	32.18923366	0.1273653961	1.65553465
341	84.24602019	32.18770112	0.1274431243	1.655074852
342	84.23975961	32.18594417	0.1275728041	1.655049236
343	84.23588913	32.18411596	0.1276529715	1.654746249
344	84.23102334	32.18297666	0.1277537487	1.654879873
345	84.22914258	32.18189522	0.1277927004	1.654872077
346	84.22447893	32.18058312	0.1278892836	1.654656787
347	84.22201541	32.17952037	0.1279403002	1.65475467
348	84.21611511	32.17706587	0.1280624829	1.654674989
349	84.21404526	32.17592276	0.1281053432	1.654523462
350	84.20628715	32.16841045	0.1282659801	1.653460381
351	84.2007932	32.16664592	0.128379727	1.653311099
352	84.19677724	32.16544768	0.128462869	1.653278788
353	84.19290581	32.16417048	0.1285430151	1.653104198
354	84.18968236	32.16222424	0.1286097437	1.652865819
355	84.18738473	32.1612257	0.1286573056	1.652704894
356	84.18299629	32.15995208	0.1287481442	1.65258111
357	84.16525592	32.158138	0.1291153133	1.652587058
358	84.15843046	32.15626996	0.1292565581	1.652367824
359	84.15264697	32.15476508	0.1293762314	1.652229599
360	84.14982863	32.15368539	0.1294345462	1.65201356
361	84.14442581	32.15230309	0.1295463316	1.651881211
362	84.13841739	32.15070619	0.1296706385	1.65164475
363	84.13494572	32.14988052	0.1297424591	1.651445491
364	84.13132287	32.14808194	0.1298174039	1.651267972
365	84.12496788	32.14537016	0.1299488601	1.65081091
366	84.11805087	32.1441514	0.1300919308	1.650695972
367	84.11640117	32.14342825	0.1301260513	1.650529674
368	84.10336426	32.14254124	0.1303956679	1.650404113
369	84.10147305	32.1417707	0.1304347765	1.65037563
370	84.09877427	32.14128528	0.1304905835	1.650326148
371	84.09352774	32.13570528	0.1305990695	1.649417952
372	84.09241047	32.13487891	0.1306221711	1.649182336
373	84.08056465	32.13327814	0.1308670866	1.648973002
374	84.07575994	32.13125891	0.1309664154	1.648892529
375	84.06533892	32.13033007	0.1311818321	1.648646829
376	84.06262439	32.12841834	0.1312379406	1.648476204
377	84.05959063	32.12743025	0.1313006454	1.648336021
378	84.05288294	32.12662597	0.1314392789	1.648275799
379	84.0410891	32.12477295	0.1316830051	1.648365734
380	84.03454091	32.123368	0.1318183124	1.64834083
381	84.02909835	32.12244932	0.1319307656	1.648273098
382	84.02542816	32.12095934	0.1320065943	1.647914723
383	84.02119042	32.12009326	0.1320941449	1.647842869
384	84.01904922	32.11947848	0.1321383798	1.647787821
385	84.0158	32.11865688	0.1322055032	1.647640641
386	84.01346437	32.11773279	0.1322537517	1.647618362
387	84.01037591	32.11622006	0.1323175498	1.647433032
388	84.00589385	32.11455623	0.1324101312	1.647031965
389	84.00369005	32.11295896	0.1324556512	1.646936132
390	83.999992	32.11079721	0.1325320324	1.646954546
391	83.99771984	32.11002224	0.1325789609	1.646966595
392	83.99435573	32.10852941	0.13264844	1.646629026
393	83.99129788	32.10753112	0.1327115915	1.646680114
394	83.98691031	32.10638159	0.1328022005	1.646586566
395	83.98042918	32.10483936	0.1329360359	1.646425651
396	83.978657	32.1042233	0.1329726294	1.646329386
397	83.9738058	32.10352971	0.1330727979	1.646252255
398	83.95924398	32.10276398	0.1333734379	1.646152484
399	83.95391041	32.10193716	0.1334835405	1.645991472
400	83.95255644	32.1011949	0.1335114899	1.645965374
401	83.94894862	32.09908678	0.1335859622	1.645844145
402	83.94221838	32.09786932	0.1337248783	1.645590289
403	83.93764058	32.0967659	0.1338193608	1.645664804
404	83.93336754	32.09564003	0.1339075483	1.645568641
405	83.93133292	32.09529774	0.1339495374	1.645412977
406	83.9260984	32.09397877	0.1340575597	1.645358595
407	83.92393017	32.09353288	0.1341023021	1.645367475
408	83.92153337	32.09272385	0.1341517602	1.645105254
409	83.91716432	32.09126876	0.1342419119	1.645014934
410	83.91350229	32.08933067	0.1343174712	1.644786024
411	83.90738238	32.08827185	0.1344437371	1.644446756
412	83.90365637	32.08710271	0.1345206076	1.644558557
413	83.89639246	32.08462329	0.1346704578	1.644194709
414	83.89167101	32.08332285	0.1347678516	1.644057599
415	83.88697321	32.08183042	0.1348647521	1.643955193
416	83.88129301	32.08120203	0.1349819093	1.643913683
417	83.87811657	32.08014267	0.1350474216	1.643723647
418	83.87431562	32.07851071	0.1351258106	1.643641361
419	83.87226551	32.07793359	0.1351680897	1.643582063
420	83.86696154	32.07595952	0.135277468	1.643391873
421	83.86454484	32.07512429	0.1353273027	1.643382401
422	83.86080205	32.07459213	0.1354044798	1.643343622
423	83.85664189	32.07345556	0.1354902594	1.643092762
424	83.85071605	32.07229015	0.1356124385	1.643043752
425	83.84707905	32.07119802	0.1356874219	1.642917228
426	83.83725408	32.06940287	0.1358899657	1.642874594
427	83.83506669	32.06855203	0.1359350559	1.642805483
428	83.83290304	32.06765083	0.1359796556	1.642901371
429	83.82773885	32.06714351	0.1360861013	1.642798829
430	83.8235181	32.06587773	0.1361730958	1.642796486
431	83.81917072	32.06480783	0.1362626955	1.642627067
432	83.81271241	32.06339915	0.1363957932	1.642278504
433	83.80944037	32.06190014	0.136463222	1.642234722
434	83.80650773	32.06096381	0.1365236542	1.642250593
435	83.80494655	32.06007941	0.1365558244	1.642237659
436	83.8027135	32.05909349	0.136601838	1.64195762
437	83.79965513	32.05786446	0.1366648561	1.642069876
438	83.79435531	32.05673468	0.1367740542	1.642108129
439	83.79295449	32.05626444	0.1368029155	1.641993936
440	83.78378565	32.05522622	0.1369918117	1.641853512
441	83.77542439	32.05412424	0.137164052	1.641893175
442	83.77344042	32.05352087	0.1372049191	1.641838249
443	83.76929954	32.05224081	0.1372902118	1.641787511
444	83.76389228	32.04997278	0.1374015831	1.641470549
445	83.76053021	32.04866209	0.1374708268	1.641173309
446	83.75213228	32.04674391	0.1376437745	1.641066188
447	83.74994962	32.04589248	0.1376887216	1.641002701
448	83.74351672	32.0446062	0.1378211862	1.640877913
449	83.73812713	32.04270395	0.1379321593	1.640802744
450	83.73420226	32.04016214	0.138012969	1.640421615
451	83.73028141	32.03901587	0.138093692	1.640260086
452	83.72697943	32.03862793	0.1381616708	1.64016931
453	83.72558711	32.03819356	0.1381903342	1.640162571
454	83.72454756	32.03748478	0.1382117347	1.6399471
455	83.72087985	32.03640311	0.1382872376	1.639861734
456	83.71848765	32.03539297	0.1383364812	1.639715936
457	83.71542433	32.03282609	0.1383995378	1.639283861
458	83.71466529	32.0323861	0.1384151618	1.639482047
459	83.71297933	32.03185854	0.1384498651	1.639198839
460	83.70999633	32.03090639	0.1385112644	1.639114064
461	83.70731109	32.03011457	0.1385665328	1.639078798
462	83.70465582	32.02837788	0.1386211829	1.638890182
463	83.70340304	32.027569	0.1386469667	1.638760707
464	83.69519711	32.02666833	0.1388158452	1.638695504
465	83.68902335	32.02516212	0.1389428907	1.63872642
466	83.67970887	32.02391931	0.1391345492	1.63859156
467	83.67488079	32.02266895	0.1392338851	1.63823705
468	83.66707201	32.02161215	0.139394536	1.637928457
469	83.66451131	32.02069893	0.1394472144	1.637868236
470	83.66181466	32.01759147	0.1395026876	1.637438926
471	83.65931244	32.01747564	0.1395541595	1.637418829
472	83.64365383	32.01605089	0.1398762308	1.637357744
473	83.64065057	32.01484262	0.1399379958	1.63712028
474	83.63783874	32.01443593	0.1399958219	1.637018816
475	83.63028136	32.01283034	0.1401512321	1.637155537
476	83.62712088	32.01210501	0.1402162201	1.637070725
477	83.62457509	32.01111057	0.1402685667	1.63706657
478	83.62091079	32.00969978	0.1403439093	1.636967062
479	83.61606065	32.00876838	0.1404436292	1.636948788
480	83.61363201	32.00795227	0.1404935601	1.636663748
481	83.60850742	32.00699162	0.1405989135	1.636587503
482	83.6063024	32.00676257	0.140644243	1.636446181
483	83.6030543	32.00446804	0.1407110136	1.63631449
484	83.59681748	32.00307679	0.1408392155	1.636286701
485	83.59504269	32.00215734	0.1408756957	1.636171693
486	83.59183592	32.00135435	0.1409416077	1.635993569
487	83.58900251	32.0005505	0.1409998437	1.635816776
488	83.58343592	31.99931337	0.1411142495	1.635739164
489	83.57596244	31.99820592	0.1412678347	1.63550101
490	83.57247811	31.99728888	0.1413394352	1.635324607
491	83.56659189	31.99569039	0.1414603862	1.635225486
492	83.56506809	31.9949883	0.1414916961	1.635403809
493	83.56087384	31.9945948	0.1415778734	1.635233387
494	83.55656275	31.99348918	0.1416664469	1.635170351
495	83.55180271	31.99184205	0.141764239	1.635046514
496	83.54857551	31.99103943	0.1418305366	1.634842764
497	83.5453617	31.99037916	0.1418965568	1.634747583
498	83.54474519	31.99007989	0.1419092211	1.634692965
499	83.54238241	31.98860176	0.1419577569	1.634471026
500	83.53194029	31.98778958	0.14217224	1.634481177
501	83.52827735	31.98693143	0.1422474712	1.634293644
502	83.52581345	31.98565021	0.1422980741	1.634080266
503	83.52193073	31.98470556	0.1423778133	1.634157769
504	83.51921158	31.98392724	0.142433654	1.634121773
505	83.51603845	31.98304892	0.1424988155	1.634046343
506	83.51471923	31.9821651	0.1425259055	1.633753954
507	83.5111435	31.98067539	0.1425993305	1.633675856
508	83.50972797	31.97980064	0.1426283964	1.633724306
509	83.50350412	31.97764186	0.1427561888	1.633529428
510	83.50193694	31.9765518	0.1427883657	1.633407044
511	83.49376903	31.97573754	0.1429560573	1.633387563
512	83.48971988	31.97505104	0.1430391825	1.633321475
513	83.48803125	31.97351883	0.1430738472	1.632986582
514	83.48522487	31.97229784	0.1431314558	1.632862298
515	83.48297751	31.97174863	0.1431775877	1.632750131
516	83.47880721	31.97074406	0.1432631889	1.632815886
517	83.47552221	31.96975207	0.1433306149	1.632748908
518	83.47301813	31.96921101	0.1433820106	1.632651482
519	83.46884611	31.96840994	0.1434676367	1.632560659
520	83.46616398	31.96763648	0.1435226824	1.632330695
521	83.45885382	31.96557348	0.1436727002	1.632089503
522	83.45582314	31.96487634	0.1437348915	1.632087815
523	83.45170259	31.96362249	0.1438194439	1.631973567
524	83.44717867	31.96188461	0.1439122687	1.631711481
525	83.44200574	31.96107667	0.1440184039	1.631603844
526	83.43960729	31.9606004	0.1440676117	1.631581438
527	83.43662007	31.95890998	0.144128897	1.631432524
528	83.43513821	31.95832833	0.1441592979	1.631383144
529	83.43114117	31.95686509	0.1442412956	1.631302083
530	83.42789954	31.95603522	0.1443077936	1.631374879
531	83.42465011	31.9552327	0.1443744489	1.631258394
532	83.421983	31.95475039	0.1444291572	1.631161154
533	83.4191182	31.95394901	0.1444879186	1.631028254
534	83.41507048	31.9529863	0.1445709402	1.630958206
535	83.41172938	31.95151198	0.1446394653	1.630936867
536	83.40925896	31.95075547	0.1446901313	1.630900774
537	83.40740993	31.95002942	0.1447280521	1.630858955
538	83.40442214	31.94706821	0.1447893255	1.630529076
539	83.40223951	31.94621092	0.1448340854	1.630378705
540	83.40069335	31.9456508	0.1448657923	1.630520639
541	83.39715974	31.94466876	0.1449382531	1.63028659
542	83.39292849	31.94276712	0.145025016	1.6302351
543	83.39153367	31.94231619	0.1450536162	1.630084709
544	83.38965911	31.94159955	0.1450920525	1.630039665
545	83.38513013	31.94069952	0.1451849118	1.629805174
546	83.38310363	31.93979938	0.1452264603	1.629648989
547	83.38124802	31.93935936	0.1452645042	1.629730785
548	83.3797837	31.93881037	0.1452945252	1.629716993
549	83.37926787	31.93844722	0.1453051004	1.629783158
550	83.3701892	31.9366795	0.1454912156	1.629668826
551	83.36884173	31.93609387	0.1455188373	1.629536245
552	83.36679116	31.93508558	0.1455608712	1.629487541
553	83.35977049	31.93378025	0.145704777	1.629433662
554	83.35318497	31.93307398	0.1458397523	1.629304818
555	83.34928198	31.93207744	0.145919742	1.629178323
556	83.347698	31.9315141	0.1459522039	1.628969887
557	83.34453846	31.93056403	0.1460169529	1.628802852
558	83.34253302	31.93035239	0.1460580496	1.62884035
559	83.33712101	31.92934066	0.1461689508	1.628801256
560	83.33619984	31.9287307	0.1461878263	1.628786762
561	83.33367735	31.92800932	0.1462395135	1.628659542
562	83.3323823	31.92752807	0.1462660489	1.628606316
563	83.32875404	31.92462177	0.1463403899	1.62802296
564	83.32603834	31.92397042	0.1463960308	1.628039834
565	83.32191885	31.92121036	0.14648043	1.627907067
566	83.31949012	31.92055488	0.1465301875	1.627870618
567	83.31519136	31.91939968	0.1466182523	1.6277353
568	83.31404972	31.91861624	0.1466416394	1.62754614
569	83.30035943	31.91751778	0.1469220667	1.627527787
570	83.29723513	31.91646498	0.1469860574	1.627310172
571	83.29434561	31.91632897	0.1470452371	1.62726126
572	83.28946152	31.91454081	0.1471452628	1.627043519
573	83.28202475	31.91385294	0.1472975558	1.626938897
574	83.27893496	31.91274876	0.1473608258	1.626887018
575	83.27500453	31.91175963	0.147441306	1.626871555
576	83.2724044	31.91099081	0.1474945448	1.626941684
577	83.26844663	31.91015151	0.1475755785	1.626873657
578	83.26686954	31.90955352	0.1476078678	1.626775645
579	83.26278981	31.90911313	0.1476913933	1.626737678
580	83.25766795	31.90803875	0.1477962484	1.626597909
581	83.25482505	31.90693805	0.1478544457	1.626547511
582	83.25162504	31.90646518	0.1479199511	1.626664044
583	83.24826474	31.90561118	0.1479887352	1.626582171
584	83.24552641	31.90448383	0.1480447856	1.626467554
585	83.24061023	31.89920095	0.1481454094	1.625521288
586	83.23796684	31.89834448	0.1481995115	1.62535811
587	83.2356753	31.89776677	0.1482464111	1.625210052
588	83.23306999	31.89705909	0.1482997306	1.625198389
589	83.23101467	31.89655211	0.1483417932	1.625196668
590	83.228335	31.89593839	0.1483966315	1.62537733
591	83.22631811	31.89542737	0.1484379052	1.625176774
592	83.22413818	31.89369792	0.1484825142	1.625016158
593	83.22195601	31.89313254	0.1485271679	1.625011956
594	83.22065994	31.89266546	0.1485536888	1.624960417
595	83.21593716	31.89160773	0.1486503253	1.624832122
596	83.21406294	31.89109653	0.1486886737	1.624655166
597	83.21138765	31.89003943	0.1487434113	1.62450242
598	83.20962348	31.88917878	0.148779506	1.624584534
599	83.20884863	31.88895022	0.148795359	1.624417627
600	83.20629714	31.8882131	0.1488475604	1.62433181
601	83.20376463	31.88725979	0.1488993719	1.62425123
602	83.20191653	31.88598777	0.1489371803	1.624144592
603	83.19754105	31.88503111	0.1490266905	1.623981396
604	83.19577358	31.88459807	0.1490628468	1.623846678
605	83.19461131	31.88394604	0.1490866221	1.623718202
606	83.19332447	31.88356351	0.1491129455	1.62362149
607	83.18945486	31.88230836	0.1491920991	1.623635239
608	83.18792125	31.88153083	0.1492234684	1.623586285
609	83.18600438	31.88079974	0.1492626763	1.623457788
610	83.18162228	31.87961795	0.1493523048	1.623523551
611	83.17716459	31.879069	0.1494434745	1.623517186
612	83.17435699	31.87783986	0.1495008936	1.623323086
613	83.17082155	31.8771562	0.1495731954	1.623369197
614	83.16982383	31.87692908	0.1495935987	1.62336143
615	83.16696041	31.87604561	0.1496521543	1.623381964
616	83.16331008	31.87475959	0.1497267989	1.623251726
617	83.16165078	31.87429833	0.1497607284	1.623149584
618	83.15816532	31.87375409	0.1498319972	1.62298727
619	83.15461486	31.87296197	0.1499045919	1.623050115
620	83.15315028	31.87235066	0.1499345366	1.623014964
621	83.15179263	31.87177257	0.1499622946	1.622931565
622	83.14849106	31.87024477	0.1500297953	1.622825774
623	83.14059797	31.86937306	0.150191159	1.622688869
624	83.13919991	31.86881223	0.1502197388	1.622570403
625	83.13684808	31.86815222	0.1502678151	1.622465364
626	83.13451421	31.86700966	0.1503155229	1.622322361
627	83.1317995	31.86529015	0.1503710138	1.622292136
628	83.12524353	31.86438358	0.1505050162	1.622190145
629	83.11845673	31.8633139	0.1506437252	1.622065884
630	83.11554022	31.86243895	0.1507033298	1.62211685
631	83.10832479	31.86148181	0.1508507815	1.622105944
632	83.09773156	31.86036537	0.1510672378	1.621919932
633	83.0957408	31.85972705	0.151107913	1.621894719
634	83.09220132	31.85858716	0.1511802289	1.62177642
635	83.0912496	31.85831304	0.1511996731	1.621743649
636	83.08917996	31.8579313	0.1512419565	1.621718003
637	83.08651779	31.85697081	0.1512963438	1.621693699
638	83.08237655	31.85593525	0.1513809448	1.62152625
639	83.07820636	31.85481321	0.151466133	1.621404912
640	83.07577619	31.85418913	0.151515774	1.6212738
641	83.072455	31.85349355	0.1515836139	1.621097149
642	83.07073077	31.85242051	0.1516188325	1.621092845
643	83.06788004	31.85116311	0.1516770591	1.620935707
644	83.06549793	31.84856537	0.1517257125	1.620601762
645	83.06294713	31.84801774	0.15177781	1.620543673
646	83.05930988	31.84745076	0.151852094	1.620582614
647	83.0520126	31.84670738	0.1520011176	1.620504706
648	83.04788041	31.84613629	0.1520854988	1.620490399
649	83.04493864	31.84536041	0.1521455682	1.620427229
650	83.04170877	31.84412897	0.1522115184	1.620408434
651	83.03399255	31.84337374	0.1523690636	1.620348813
652	83.03191166	31.84280758	0.1524115475	1.620240214
653	83.02958524	31.84170903	0.1524590431	1.619939884
654	83.02084382	31.84100063	0.1526374933	1.619898432
655	83.01845178	31.83922117	0.1526863217	1.619696914
656	83.01627172	31.8383529	0.152730822	1.619739912
657	83.0152452	31.83780389	0.1527517754	1.619724315
658	83.01199988	31.83681827	0.152818017	1.619613038
659	83.00992039	31.83588305	0.1528604611	1.619514475
660	83.00787287	31.83557047	0.1529022517	1.619488248
661	83.00563812	31.83466156	0.1529478624	1.619443616
662	83.00302107	31.83426303	0.1530012744	1.619424304
663	82.99825951	31.8330149	0.1530984495	1.619274961
664	82.99594672	31.83231279	0.1531456476	1.619173682
665	82.99501279	31.83174925	0.1531647063	1.619194137
666	82.99283881	31.83077895	0.1532090699	1.619248144
667	82.98694202	31.83031219	0.1533293978	1.619224386
668	82.98448494	31.82792261	0.1533795334	1.618973402
669	82.98330218	31.82765286	0.1534036666	1.618766685
670	82.98129398	31.82732218	0.1534446415	1.618808723
671	82.97318037	31.82540835	0.1536101798	1.618747821
672	82.97044598	31.82461938	0.1536659645	1.618608317
673	82.96898155	31.82415824	0.1536958398	1.618566091
674	82.96452639	31.82319102	0.153786725	1.618426156
675	82.96016205	31.82218667	0.1538757525	1.61834615
676	82.9582637	31.82118567	0.1539144751	1.618231642
677	82.95477857	31.81997901	0.1539855628	1.618156083
678	82.95241482	31.81906433	0.1540337755	1.618031788
679	82.95026737	31.81823439	0.1540775754	1.618075315
680	82.94792945	31.81700391	0.1541252587	1.617745032
681	82.94589933	31.81669332	0.154166663	1.617653649
682	82.94285837	31.81636049	0.1542286817	1.617714569
683	82.93631222	31.81516101	0.1543621792	1.617622757
684	82.93389425	31.81376814	0.1544114868	1.617607296
685	82.93268417	31.81312654	0.1544361625	1.617499204
686	82.9183356	31.81225844	0.154728727	1.617362558
687	82.91090363	31.81118564	0.1548802435	1.617218641
688	82.90917846	31.81024679	0.1549154127	1.617129271
689	82.90733122	31.80964556	0.1549530699	1.617088356
690	82.90523145	31.80914692	0.1549958739	1.61701216
691	82.90444104	31.80886697	0.1550119861	1.616955948
692	82.90238213	31.80802096	0.1550539557	1.616826818
693	82.90051834	31.80719888	0.1550919469	1.616741178
694	82.89615261	31.806473	0.1551809342	1.616626906
695	82.89443871	31.80570243	0.1552158675	1.616676498
696	82.89278263	31.80499489	0.1552496216	1.616697369
697	82.8909967	31.80476533	0.1552860217	1.616650908
698	82.88906222	31.80420691	0.1553254485	1.616689814
699	82.88389794	31.80233511	0.1554306976	1.61659945
700	82.8815398	31.80166622	0.1554787549	1.61649905
701	82.88006295	31.80120798	0.1555088514	1.61646627
702	82.87388251	31.7999669	0.1556347955	1.616175267
703	82.8712388	31.7993303	0.1556886658	1.616152518
704	82.86931014	31.79852256	0.1557279646	1.616090693
705	82.86833234	31.79812072	0.1557478881	1.616157526
706	82.86521385	31.7970111	0.1558114286	1.616117648
707	82.85238096	31.79594669	0.1560728781	1.616117898
708	82.84665992	31.79560578	0.1561894222	1.616049263
709	82.84439767	31.79352941	0.1562355045	1.615748543
710	82.84188422	31.79274262	0.1562867023	1.615605576
711	82.8404069	31.79233433	0.1563167941	1.615594293
712	82.8394543	31.79195795	0.1563361973	1.615529264
713	82.83652332	31.79058705	0.1563958963	1.615349313
714	82.83341741	31.78988623	0.1564591561	1.615230199
715	82.82924002	31.78935106	0.1565442355	1.615213206
716	82.82260833	31.78875483	0.156679292	1.615158962
717	82.82131976	31.78850362	0.1567055329	1.615144516
718	82.81871771	31.78725197	0.1567585207	1.614990044
719	82.81611389	31.78675752	0.1568115428	1.614971905
720	82.8138218	31.78615553	0.1568582159	1.614989354
721	82.81139148	31.78543997	0.1569077022	1.614927153
722	82.8042283	31.78360304	0.1570535507	1.614820493
723	82.80310879	31.78306647	0.1570763438	1.614783225
724	82.80135436	31.78262221	0.1571120631	1.614741515
725	82.79991248	31.78239048	0.1571414184	1.614726478
726	82.79686566	31.78146662	0.1572034472	1.614710809
727	82.79491808	31.78070239	0.157243096	1.614734364
728	82.79249794	31.78008728	0.1572923638	1.61465661
729	82.78667561	31.77915944	0.1574108853	1.614579366
730	82.7824897	31.77866393	0.1574960901	1.614510937
731	82.78102498	31.77816	0.1575259037	1.614351086
732	82.77757384	31.7756276	0.1575961479	1.614122634
733	82.77490197	31.77447371	0.1576505287	1.614160004
734	82.7743728	31.77428587	0.1576612987	1.61410394
735	82.77302958	31.77374806	0.1576886365	1.614187429
736	82.77192837	31.77351872	0.1577110485	1.614129306
737	82.76709223	31.77306355	0.157809471	1.614023902
738	82.76122799	31.77268685	0.1579288091	1.613979468
739	82.75909523	31.77193465	0.1579722089	1.613783444
740	82.75633283	31.77109714	0.1580284197	1.613701282
741	82.75121397	31.77031899	0.1581325762	1.613514507
742	82.74924959	31.77012413	0.1581725448	1.613516752
743	82.74751963	31.76980104	0.1582077431	1.613562985
744	82.74612495	31.76946811	0.1582361191	1.613530083
745	82.74425958	31.76841666	0.1582740708	1.61356384
746	82.74164948	31.76752993	0.1583271731	1.613482998
747	82.73894462	31.7663739	0.1583822016	1.61327753
748	82.73742232	31.76575246	0.1584131708	1.613259319
749	82.73654688	31.76531404	0.1584309803	1.613274698
750	82.73542486	31.76499085	0.1584538058	1.613156377
751	82.73456891	31.76466044	0.1584712182	1.613104738
752	82.73225335	31.76405985	0.1585183228	1.613034747
753	82.73118288	31.76366788	0.1585400984	1.612885247
754	82.72862297	31.76312896	0.1585921714	1.612698269
755	82.72671	31.76207839	0.1586310834	1.612500905
756	82.72484754	31.76128253	0.158668967	1.612382114
757	82.72344824	31.76061464	0.1586974293	1.612261745
758	82.72169994	31.75981735	0.1587329897	1.612268915
759	82.7188944	31.7595749	0.1587900525	1.612222805
760	82.71710134	31.7590957	0.1588265211	1.612185115
761	82.71492582	31.7581492	0.1588707674	1.612270824
762	82.71250754	31.75730705	0.1589199497	1.612259802
763	82.71108509	31.75679219	0.1589488785	1.612224805
764	82.71012341	31.75635009	0.1589684362	1.612207334
765	82.70918272	31.75583356	0.1589875667	1.612120173
766	82.70427177	31.75486926	0.1590874358	1.612001971
767	82.70109888	31.75408728	0.1591519566	1.611969066
768	82.6995387	31.753187	0.1591836821	1.611885542
769	82.69726215	31.75266344	0.1592299733	1.611962292
770	82.69531113	31.75196763	0.1592696443	1.612003823
771	82.69295611	31.75163112	0.1593175288	1.611980871
772	82.68913467	31.75084578	0.1593952269	1.611905678
773	82.68556261	31.74931267	0.1594678512	1.611782293
774	82.68331448	31.74845764	0.1595135569	1.611666049
775	82.68231002	31.74810583	0.1595339778	1.611594887
776	82.67986894	31.7474929	0.1595836042	1.611496902
777	82.67862887	31.74707004	0.1596088139	1.611436605
778	82.67718616	31.74641357	0.1596381425	1.611337784
779	82.67574911	31.74609204	0.1596673558	1.611353409
780	82.67359702	31.74503594	0.1597111038	1.611293605
781	82.67086497	31.74440233	0.1597666395	1.611124914
782	82.66684845	31.74402774	0.1598482822	1.611069496
783	82.66438188	31.74329415	0.1598984175	1.610989847
784	82.66337263	31.74207813	0.1599189309	1.610616204
785	82.66087387	31.74145619	0.1599697183	1.610575685
786	82.65791925	31.74080356	0.1600297692	1.610490645
787	82.65608155	31.73992825	0.1600671182	1.610325427
788	82.65298958	31.73898671	0.1601299567	1.610225165
789	82.65053904	31.73801903	0.160179758	1.610278222
790	82.64820438	31.73756317	0.1602272026	1.610282237
791	82.64618634	31.7362528	0.1602682119	1.610174716
792	82.64460107	31.73571535	0.1603004261	1.610264492
793	82.64334802	31.73547816	0.160325889	1.610292003
794	82.64198199	31.73445914	0.160353647	1.609951161
795	82.63933903	31.73381086	0.1604073513	1.609816556
796	82.63055155	31.73271438	0.1605858984	1.609736236
797	82.62831446	31.73258068	0.1606313495	1.609713508
798	82.62139499	31.73174787	0.1607719245	1.60970793
799	82.61530311	31.73047415	0.1608956767	1.60958446
800	82.61302793	31.72981599	0.1609418931	1.609621058
801	82.61006503	31.72916519	0.1610020773	1.609522903
802	82.60847901	31.72854675	0.1610342926	1.609567269
803	82.60584154	31.72753207	0.1610878636	1.609378219
804	82.60249346	31.72594587	0.1611558658	1.609349154
805	82.60196116	31.72577636	0.1611666771	1.609375575
806	82.59944801	31.72482881	0.161217719	1.609317006
807	82.5975044	31.72323287	0.1612571925	1.609209709
808	82.59509117	31.72242004	0.1613062025	1.608956162
809	82.59370056	31.72190969	0.1613344436	1.608929968
810	82.59258827	31.72154569	0.161357032	1.608791199
811	82.59135394	31.72091496	0.1613820985	1.608823417
812	82.58590905	31.72012333	0.1614926677	1.608782945
813	82.58309189	31.71879105	0.1615498729	1.608679902
814	82.57949924	31.71812614	0.1616228223	1.608582981
815	82.57660093	31.7171966	0.1616816705	1.608423492
816	82.57182354	31.71628136	0.161778668	1.608261552
817	82.57011691	31.71597734	0.1618133171	1.60823111
818	82.56972118	31.7157279	0.1618213514	1.608198323
819	82.56746202	31.71504635	0.1618672168	1.608253327
820	82.56601741	31.7144125	0.1618965448	1.608258696
821	82.56475099	31.71370561	0.1619222547	1.608183331
822	82.56296591	31.71321896	0.1619584933	1.608115638
823	82.56105573	31.71248906	0.1619972708	1.608112591
824	82.55777912	31.71153569	0.1620637854	1.608182557
825	82.55453393	31.71028934	0.1621296594	1.608099799
826	82.55318658	31.70971245	0.1621570086	1.608069456
827	82.54929832	31.70907399	0.1622359317	1.608068568
828	82.54671063	31.70850275	0.1622884539	1.608115127
829	82.54564983	31.70838897	0.1623099844	1.608089532
830	82.54189499	31.7072093	0.1623861925	1.608049456
831	82.53363872	31.70628417	0.1625537492	1.607942158
832	82.53154904	31.70569453	0.1625961555	1.60781995
833	82.52960514	31.70510366	0.1626356023	1.607778935
834	82.52825898	31.70471163	0.1626629191	1.607715498
835	82.52622438	31.70342322	0.1627042049	1.607473244
836	82.52436445	31.70255525	0.1627419455	1.607392507
837	82.52176523	31.70142104	0.1627946859	1.60727619
838	82.51954688	31.6999733	0.1628396968	1.606890627
839	82.51791517	31.69981991	0.1628728038	1.606842319
840	82.51548261	31.69919967	0.1629221588	1.60669838
841	82.51337961	31.69807434	0.162964826	1.606615314
842	82.50863854	31.69722391	0.1630610123	1.606604666
843	82.50589006	31.6965371	0.1631167705	1.606519023
844	82.50389	31.69622893	0.1631573446	1.606489814
845	82.49882602	31.69582198	0.16326007	1.60637708
846	82.49257494	31.69535084	0.1633868676	1.606316741
847	82.48739401	31.69452457	0.1634919509	1.606272619
848	82.47906181	31.69365552	0.1636609368	1.606248669
849	82.47628827	31.6926748	0.1637171834	1.606194462
850	82.47524573	31.69195861	0.1637383252	1.606133005
851	82.47353633	31.69148313	0.1637729901	1.606108294
852	82.47144882	31.69086126	0.1638153215	1.606054898
853	82.47038463	31.69065979	0.1638369012	1.606003386
854	82.46467972	31.68917404	0.1639525806	1.605938187
855	82.45645576	31.68809415	0.1641193255	1.605810968
856	82.45366554	31.68723595	0.1641758947	1.605730667
857	82.45137799	31.68617089	0.1642222714	1.605722007
858	82.4495052	31.68521561	0.1642602385	1.605690559
859	82.44786273	31.68469935	0.1642935356	1.60562905
860	82.44329586	31.68400762	0.1643861143	1.605564929
861	82.44137499	31.68380526	0.1644250522	1.605486382
862	82.43929266	31.68332227	0.1644672621	1.605436854
863	82.43795744	31.68251439	0.164494327	1.605341223
864	82.4358612	31.68187241	0.1645368173	1.605251892
865	82.43451066	31.68125784	0.1645641916	1.605188128
866	82.43257198	31.6806814	0.1646034864	1.605242742
867	82.42681439	31.67959506	0.1647201807	1.605124987
868	82.42382797	31.67822216	0.1647807059	1.605142615
869	82.41718824	31.6773243	0.1649152642	1.605058795
870	82.4119732	31.67667582	0.1650209427	1.605038663
871	82.4082011	31.67572703	0.1650973771	1.60503113
872	82.4068521	31.67523165	0.1651247112	1.604952679
873	82.40476639	31.67454227	0.1651669718	1.604889764
874	82.39754844	31.67362066	0.1653132138	1.604819221
875	82.39462343	31.67318435	0.1653724735	1.604795061
876	82.39255129	31.67227499	0.165414453	1.604729549
877	82.39023824	31.67144379	0.1654613118	1.604604075
878	82.38787629	31.6706631	0.16550916	1.604560571
879	82.38662033	31.6703219	0.1655346027	1.604504648
880	82.38408219	31.66988783	0.1655860177	1.604396499
881	82.38149829	31.66897462	0.1656383582	1.604320709
882	82.37948726	31.66856442	0.1656790931	1.604296926
883	82.37785141	31.66795659	0.1657122278	1.604256941
884	82.37685493	31.66719038	0.1657324115	1.604322186
885	82.37586516	31.66679602	0.1657524591	1.604297629
886	82.37432117	31.66623397	0.1657837318	1.604153134
887	82.37233125	31.66547682	0.1658240357	1.604142185
888	82.37146803	31.66530831	0.1658415192	1.604104508
889	82.36871075	31.66439276	0.165897363	1.604060864
890	82.36111991	31.66323849	0.1660510925	1.60401724
891	82.35856066	31.66255553	0.166102919	1.603992863
892	82.35740797	31.66205012	0.1661262614	1.603979767
893	82.3551962	31.6607646	0.1661710493	1.603887372
894	82.35311325	31.66001649	0.1662132276	1.603870631
895	82.34991044	31.65941905	0.1662780804	1.603787246
896	82.34818421	31.65905949	0.1663130331	1.603690257
897	82.34727357	31.65864262	0.1663314714	1.603592799
898	82.34515722	31.65813745	0.1663743221	1.60358174
899	82.3424594	31.65732982	0.1664289442	1.603507101
900	82.34080522	31.65653551	0.1664624352	1.603466348
901	82.33495927	31.65582922	0.1665807882	1.603290663
902	82.33301929	31.65525111	0.1666200619	1.603350908
903	82.33043007	31.65449981	0.1666724776	1.603297858
904	82.3260146	31.65383715	0.1667618598	1.603243874
905	82.32351071	31.65318097	0.1668125437	1.603173458
906	82.32215023	31.65285576	0.1668400821	1.603140126
907	82.31979672	31.65177727	0.1668877197	1.603056423
908	82.31513867	31.65080791	0.1669820001	1.602934925
909	82.31286727	31.65034108	0.1670279719	1.603033242
910	82.31044212	31.64976808	0.1670770544	1.602882542
911	82.30762263	31.64896902	0.1671341158	1.602842859
912	82.3056686	31.64846146	0.1671736607	1.602844065
913	82.30400145	31.64774688	0.1672073991	1.602772551
914	82.30025103	31.64723426	0.1672832946	1.602691813
915	82.2969597	31.64624063	0.167349897	1.602668813
916	82.29519807	31.64548716	0.1673855435	1.602634717
917	82.29484864	31.64526797	0.1673926141	1.602523133
918	82.29231453	31.64447946	0.1674438904	1.602513636
919	82.29074786	31.64404828	0.1674755904	1.60248614
920	82.28885053	31.64318507	0.16751398	1.602348956
921	82.28431213	31.64193247	0.1676058041	1.602253952
922	82.2789298	31.64088067	0.1677146967	1.602144048
923	82.27736709	31.64065272	0.1677463112	1.602092007
924	82.27661406	31.64056456	0.1677615453	1.602083844
925	82.27380102	31.63968415	0.1678184527	1.601919808
926	82.27256711	31.63924406	0.167843414	1.601940373
927	82.26937379	31.63851502	0.1679080114	1.601879485
928	82.26810969	31.63775724	0.1679335819	1.601842766
929	82.26684656	31.63714382	0.1679591325	1.601790666
930	82.26592198	31.63690557	0.1679778347	1.601775626
931	82.26353914	31.63618818	0.1680260332	1.601800321
932	82.26165919	31.63559094	0.1680640586	1.601790716
933	82.2602726	31.63510468	0.1680921044	1.6017806
934	82.25764814	31.63431181	0.1681451865	1.601580046
935	82.25530182	31.63341069	0.1681926415	1.60149102
936	82.25461187	31.63313883	0.1682065956	1.601427842
937	82.24942844	31.63232498	0.1683114265	1.601351
938	82.24816662	31.63156636	0.1683369446	1.601290464
939	82.24666664	31.63093262	0.168367279	1.601219247
940	82.24530823	31.63050686	0.1683947497	1.601069923
941	82.24315609	31.6298079	0.1684382709	1.600995865
942	82.24123825	31.62876236	0.1684770531	1.600839531
943	82.23986155	31.62843905	0.1685048918	1.600742617
944	82.23762778	31.62783829	0.1685500608	1.600696578
945	82.23645531	31.62710445	0.1685737688	1.600408209
946	82.23324447	31.62576107	0.168638692	1.600363622
947	82.23136361	31.62480101	0.1686767217	1.600462355
948	82.22880701	31.62392642	0.1687284132	1.600454877
949	82.22704729	31.62334209	0.1687639916	1.600416493
950	82.22530937	31.62287749	0.1687991287	1.600400794
951	82.2220549	31.62199354	0.1688649251	1.600277905
952	82.22050362	31.62115741	0.1688962867	1.600184787
953	82.21904782	31.62085977	0.1689257176	1.600141668
954	82.21749929	31.61996551	0.1689570225	1.599985154
955	82.21553976	31.61964111	0.1689966354	1.599991829
956	82.21365486	31.6191415	0.1690347386	1.599880851
957	82.21180794	31.61849644	0.1690720733	1.599733473
958	82.20705708	31.61799187	0.1691681059	1.599664086
959	82.20403458	31.61690172	0.169229199	1.599577179
960	82.20248288	31.61662432	0.1692605622	1.599577572
961	82.20062886	31.61572668	0.1692980354	1.599580514
962	82.19762243	31.61489116	0.1693587989	1.599495164
963	82.1945607	31.61458307	0.1694206779	1.59942866
964	82.1926852	31.61404994	0.1694585815	1.59942355
965	82.19012003	31.6131515	0.1695104219	1.599372555
966	82.18883551	31.61253386	0.1695363805	1.599365778
967	82.18759826	31.6117449	0.1695613834	1.599202902
968	82.18392069	31.6085863	0.1696356994	1.598613488
969	82.18242899	31.6075468	0.1696658428	1.598499623
970	82.18017099	31.60690327	0.1697114697	1.598525458
971	82.17730552	31.6065788	0.16976937	1.59849274
972	82.17418767	31.60572822	0.1698323675	1.598263277
973	82.17335937	31.60547452	0.1698491033	1.598206627
974	82.17152048	31.60479491	0.1698862574	1.598138118
975	82.17041403	31.60438358	0.1699086123	1.598153954
976	82.16717748	31.60377637	0.1699740028	1.598089752
977	82.16336821	31.60256238	0.1700509611	1.597967747
978	82.16133574	31.60184995	0.1700920213	1.597885439
979	82.15993708	31.6012174	0.1701202767	1.597745063
980	82.15736751	31.60026147	0.1701721852	1.597600298
981	82.15636001	31.599671	0.1701925376	1.597546041
982	82.15078349	31.59871004	0.1703051833	1.59742683
983	82.14588751	31.59779036	0.1704040758	1.597388694
984	82.14356167	31.59705165	0.1704510527	1.597322233
985	82.13945438	31.5960071	0.1705340078	1.5971683
986	82.13682177	31.59531856	0.1705871764	1.597281715
987	82.13576176	31.59493573	0.1706085842	1.59717321
988	82.13188312	31.59409541	0.1706869139	1.597116611
989	82.12456392	31.59353073	0.1708347161	1.597035425
990	82.11751809	31.5926957	0.1709769855	1.596964722
991	82.11646064	31.59233788	0.1709983364	1.596896501
992	82.11250109	31.59182026	0.1710782814	1.596862134
993	82.10739604	31.59097559	0.1711813487	1.596794252
994	82.10591734	31.59040506	0.1712112013	1.596758649
995	82.10092615	31.58959398	0.1713119618	1.596722915
996	82.09966749	31.58900571	0.1713373703	1.596702287
997	82.0984017	31.58877143	0.1713629222	1.596641629
998	82.09674877	31.58817	0.1713962887	1.596572024
999	82.09446545	31.58741823	0.1714423791	1.596562932
